id;url;type;size;created_at;updated_at;name
1;https://zany-quinoa.biz;till naturally;25353;2025-03-02T07:41:15;2025-03-02T11:27:52;between rosy down
2;https://taut-kielbasa.biz/;questionably neighboring stabilise;23168;2025-03-01T22:49:51;2025-03-01T17:24:52;whereas sedately
3;https://tedious-calculus.net/;potable;17286;2025-03-02T09:03:44;2025-03-01T14:15:41;emboss minor which
4;https://back-ocelot.info;matter;10970;2025-03-01T19:33:39;2025-03-01T16:06:16;meal celsius woot
5;https://interesting-incandescence.name/;psst incidentally boo;22081;2025-03-01T14:52:37;2025-03-01T16:31:01;yahoo taxicab doubter
6;https://charming-diversity.biz/;carouse;18373;2025-03-01T17:13:30;2025-03-01T14:48:46;rural
7;https://important-skyscraper.name/;except;6974;2025-03-01T12:48:09;2025-03-01T19:44:49;political accurate yogurt
8;https://boiling-language.biz/;blah abnormally shampoo;16566;2025-03-01T18:14:22;2025-03-02T04:39:57;thump a judgementally
9;https://knowledgeable-sweatshop.name/;barring courageously;19649;2025-03-01T15:46:28;2025-03-01T21:12:01;boring gladly
10;https://useless-circumference.name;equate weight;15534;2025-03-01T23:24:45;2025-03-02T02:37:21;after clinking honestly
