id;name;description;created_at;updated_at;color;icon
1;aboard where;after minor;2025-03-01T13:46:16;2025-03-01T14:54:25;red;capsize
2;vengeful;athwart;2025-03-01T20:48:56;2025-03-01T21:15:24;salmon;joyfully or irresponsible
3;unhappy;whereas unimpressively regarding;2025-03-01T23:48:58;2025-03-01T21:58:24;tan;yowza yawn cardboard
4;which repurpose;famously hungrily;2025-03-01T16:00:32;2025-03-01T13:41:14;purple;orderly
5;elevation delicious ultimately;chops hovercraft;2025-03-01T20:02:49;2025-03-01T23:31:40;mint green;miserably defiantly who
6;infinite present under;intrigue woot why;2025-03-02T11:45:26;2025-03-01T18:46:20;white;shush
7;angrily;substantiate unimpressively unfortunately;2025-03-01T13:21:44;2025-03-02T11:23:58;gold;when
8;lasting diagram;intelligent to;2025-03-01T23:22:06;2025-03-02T08:21:20;orchid;beside bah fibre
9;duh than;hmph;2025-03-02T06:04:11;2025-03-02T06:08:49;maroon;nor tightly certainly
10;immediately beyond;beneath ethical;2025-03-01T16:57:42;2025-03-01T12:26:01;lavender;and
