id;name;email;email_verified;image;image_content_type;created_at;updated_at;password;level;points
1;whoever;Juwan_Fritsch28@gmail.com;2025-03-02T04:10:49;../fake-data/blob/hipster.png;image/png;2025-03-02T06:51:22;2025-03-02T11:58:14;publicize earth briskly;32405;30779
2;worthwhile;Deon7@gmail.com;2025-03-01T14:15:37;../fake-data/blob/hipster.png;image/png;2025-03-01T17:42:34;2025-03-02T11:52:18;minor foolhardy queasily;9614;26311
3;duster councilman wherever;Pasquale.Rogahn@gmail.com;2025-03-02T11:40:38;../fake-data/blob/hipster.png;image/png;2025-03-02T07:12:25;2025-03-01T23:57:49;quinoa hmph;28632;29350
4;volleyball outsource modulo;Daren.Grimes27@gmail.com;2025-03-02T05:32:09;../fake-data/blob/hipster.png;image/png;2025-03-02T05:44:31;2025-03-02T00:52:00;expense minus wallaby;15107;11611
5;mindless safely;Walton9@yahoo.com;2025-03-02T02:15:45;../fake-data/blob/hipster.png;image/png;2025-03-02T01:35:21;2025-03-02T03:41:20;brr;13690;1320
6;nor;Nickolas31@yahoo.com;2025-03-02T07:16:30;../fake-data/blob/hipster.png;image/png;2025-03-01T19:42:39;2025-03-01T13:40:51;yahoo;27415;32483
7;beyond;Lupe99@yahoo.com;2025-03-02T04:57:11;../fake-data/blob/hipster.png;image/png;2025-03-02T07:32:32;2025-03-02T09:08:08;safely insistent wherever;9486;29365
8;unabashedly;Garry.Jast51@hotmail.com;2025-03-01T16:23:00;../fake-data/blob/hipster.png;image/png;2025-03-02T08:04:53;2025-03-02T11:42:39;cardboard easily;11703;29618
9;than;Velma_Will20@hotmail.com;2025-03-01T14:19:23;../fake-data/blob/hipster.png;image/png;2025-03-01T12:17:38;2025-03-02T05:50:41;ha;21617;29703
10;negative;Charlotte.Mertz71@yahoo.com;2025-03-02T06:07:20;../fake-data/blob/hipster.png;image/png;2025-03-01T13:13:29;2025-03-01T18:15:10;chiffonier;32185;6366
